x value,y value,z value
0.258879394,0.107489802,1.26138023
-0.878091822,0.449810672,-0.934832839
0.8408031,-0.579307809,-0.840424536
-0.802253675,0.983567253,1.996128319
0.263114758,-0.594645934,1.479371325
0.059101615,1.012109366,0.929022519
2.072585104,-0.134313801,-0.743101491
-0.135930329,0.122967473,0.96156621
1.068077869,-0.608475076,0.765192512
0.88712203,0.348555115,0.003631971
-0.619353676,0.90583986,1.670260211
0.921302894,0.220891059,1.971399796
1.174422809,0.365057799,0.458198506
2.150565424,0.240455286,0.182695319
0.848305307,0.374810882,0.298781879
0.273171065,1.045788575,0.9995517
-0.569949599,1.094083157,0.054467317
0.087505068,0.515465691,0.209823701
0.699269408,-0.565259833,-0.462087526
0.692309655,1.008320333,1.423820698
-0.024656043,0.93703314,-0.026785691
1.004341431,-0.116343174,1.000745466
1.053924562,-0.654940051,-0.417763666
1.228249574,-0.490887972,0.993084267
-0.060640447,0.376844351,1.964969674
0.787055042,0.641843045,0.983377722
0.250914188,0.852391576,0.07402824
1.621427614,0.013575889,0.460347109
1.92740491,0.037960309,1.955069429
-0.894442358,0.011768426,0.645680539
1.403374762,-0.534642878,1.136473984
2.06585334,0.213295685,1.881413573
-0.561599135,1.123458041,0.019906073
-0.120126385,0.418999196,-0.723085425
-0.849593898,-0.01608188,0.233394917
-0.109698485,0.793633492,-0.849422958
0.109587501,-0.028784376,0.946346131
1.032232022,0.256708634,1.53279934
0.813135353,0.232933072,-0.94731586
-0.885625677,0.632777096,-0.986589725
0.552284204,-0.309324459,0.945510619
0.432657493,-0.376805991,1.221431363
1.966533233,-0.390412859,-0.286689122
-0.054997998,0.525044358,0.219025942
1.07859797,-0.672042993,1.776643613
1.824191699,0.273981623,0.722341438
-1.229191196,0.308786045,-0.33339338
-0.924881229,0.191855256,1.687377688
1.024537523,-0.045767909,-0.054469454
0.787663376,-0.369951343,1.912930263
0.060804986,0.284204317,0.007931752
-0.595579736,0.840347124,0.557157596
0.614854175,-0.497576478,-0.991864596
0.235991186,0.013286545,-0.571651621
-0.458229974,0.889224151,1.304406642
-0.907734254,0.466918656,1.581908246
0.843210139,0.534095265,0.906923339
-0.676302515,0.696599046,0.99459282
1.394526123,-0.513898278,0.604348146
-0.836192197,0.749627313,0.198522283
0.104613314,0.39435613,1.336014495
0.968323097,-0.437448722,-0.134594037
0.644498659,0.678006258,0.858126198
-0.386505634,0.954975726,-0.403153957
0.209878025,-0.003709328,0.002103633
2.230095923,0.420008897,-0.900296728
0.568390609,-0.116657257,-0.381964594
0.873103251,0.595737125,0.004928691
-0.06568586,0.793520039,0.214841095
1.829405975,-0.287354192,1.79599619
0.873606823,0.531408077,1.960472687
-0.449027222,0.921811458,0.207887502
0.947079753,0.312077661,0.882737962
0.267556516,-0.442466846,1.526799257
0.809320516,-0.428014631,-0.835120909
-0.741614357,0.482233931,-0.674700201
0.79282541,0.775861661,0.893455155
1.922318308,0.03995021,0.002521813
0.425352714,0.817346036,0.881715415
1.173875377,-0.375684943,0.595147608
1.059259812,0.300914639,0.087675913
-0.820466976,0.013153753,1.587022425
0.719635122,-0.66650833,0.2603164
-0.893682029,0.065152878,0.885617531
0.118415839,0.9038619,-0.347893436
-0.97913785,0.544080685,0.042694717
0.829334412,0.236825789,0.975790857
1.475494605,-0.396490128,0.451171985
0.226383905,0.896955775,1.277661158
0.243818618,0.375655809,0.803749544
-0.470302036,0.872705447,0.255275087
0.770726514,0.159626198,-0.996752756
0.266394912,1.004545203,-0.921324029
-0.129104946,0.983324076,1.986122646
-0.011418781,0.303819551,-0.868254035
0.685034675,-0.214381378,0.923674609
1.929798585,0.173054505,0.965691867
1.620164885,-0.364167436,-0.856270554
0.825993274,0.687893106,-0.228380949
-0.141994177,0.991702252,1.221964482
0.21351596,-0.337187412,0.821955166
0.579623848,0.956930362,1.833042011
0.247912052,-0.395392351,1.98926819
0.016501669,0.040997594,-0.993270594
1.466840718,-0.273140402,0.254909657
-0.170948718,0.987084179,1.849215702
0.708435025,-0.117287196,0.947122845
0.791723078,0.837408528,0.695844954
-0.426679997,1.121963417,1.839954001
0.216648677,0.843304712,0.488315747
0.900288913,-0.711250614,-0.556090458
1.055982996,0.501288395,0.279161636
1.158227857,-0.400154634,-0.133287115
0.009744456,1.20652874,1.491710138
0.810055114,0.626084123,0.054567364
1.032952887,0.584461347,-0.642261251
-0.030974336,0.30707785,-0.190207095
2.206699323,0.537946389,1.132114949
2.035995361,0.317055825,0.01069592
1.669916687,0.016588522,1.414328326
0.967940085,0.432471457,-0.896751381
0.040849881,1.084197753,0.10662897
-0.117634356,0.963216969,1.227251969
0.661508123,0.702956812,1.979182371
1.562811485,-0.415914848,0.44359185
0.807893853,0.567731813,1.641635886
-0.761847767,0.61410451,1.999422996
0.77252532,0.020877014,0.064642461
-0.882045763,1.00974287,0.893094391
0.525619827,1.123931381,-0.178892422
0.223025112,0.94045179,-0.173627258
0.893458442,-0.691535419,0.408777394
0.788304825,-0.419907888,1.862150531
0.05586555,0.079325165,1.153009444
0.628698785,0.729906698,0.806599417
1.823313915,0.291419263,0.003218001
-0.063809355,1.348078916,-0.388373191
1.165277222,-0.29875615,0.414919095
1.803952698,-0.22571863,1.057675319
0.615732673,0.61199545,1.888081647
2.325876798,0.485520381,0.319664257
0.826759454,-0.480864789,1.712557986
0.002190825,0.59315766,0.310950443
1.188485232,-0.426981675,0.131057951
-0.225134609,0.670642849,-0.902881413
1.718291255,-0.417268613,1.094651893
0.91057658,0.482641788,0.345026564
-0.654559265,0.742883652,-0.529004323
1.474296514,-0.276423798,0.019096218
0.600062477,-0.185608751,-0.257316175
2.001905569,0.060151563,-0.983278669
0.992587135,0.137948802,1.545731125
1.319335449,-0.338510523,1.840321751
-0.689948369,0.841042483,0.388806986
0.578613552,-0.370125992,2.006536375
0.921129674,-0.315381089,0.676404958
0.237824812,0.979949444,1.562649313
-1.164822255,0.504482045,1.168286526
1.914939066,-0.171462894,0.458695228
1.225768254,-0.509800245,0.504412418
-0.039306722,1.143814629,-0.662533877
0.359254631,-0.053114261,0.97035411
-0.812923139,0.699717206,0.980582545
-0.584491898,1.220827661,-0.728907782
0.195186232,-0.144053182,1.706930857
0.32384157,0.054168767,-0.999575897
0.207468403,-0.357579083,2.008479969
1.027573126,-0.49302553,0.320270787
1.387314166,-0.296819169,0.447233132
-0.446827976,0.855138991,0.104419642
1.288022896,-0.406761574,0.004490754
1.654693564,-0.18124798,1.995880934
0.171332861,1.118865846,1.583849261
0.1032301,-0.265017081,0.12461206
0.666683582,0.737963276,0.100124921
0.287436605,0.172717429,0.54788401
1.487824868,-0.517751537,0.032845375
1.098221956,-0.687213814,0.837867385
-0.101510917,0.276178488,0.514950198
1.319029671,-0.406448832,0.874381667
1.382867851,-0.37520172,0.893752772
1.112621147,-0.437792783,1.00224188
0.655567532,0.974615514,1.647812416
0.596196965,0.675771921,1.716506902
1.191166246,-0.54473822,-0.990917742
0.28779513,0.827406444,0.395607127
1.605737042,-0.529082752,0.730794258
0.273330854,-0.241533491,-0.642732913
1.035500178,-0.708848712,1.996506945
-1.052872601,0.696327228,-0.884372735
-0.277863922,0.830949988,0.788859322
0.211820546,0.466496937,-0.180260173
-0.014520186,1.100501906,0.879725799
1.864471997,0.399314672,-0.645963528
0.610194852,-0.492629859,0.2361317
-0.052952875,0.441855287,-0.966575036
0.516026965,0.789633924,-0.237865453
-0.602346402,0.910010866,0.622318781
-0.873352499,0.316269967,1.000527935
1.95183318,0.392544503,1.815780019
-0.570430651,1.116318202,0.128843912
1.906565558,-0.04932575,0.235210549
0.802002739,-0.043510249,0.970247355
-0.064409341,-0.081632053,-0.832441363
-0.623412776,0.747481224,-0.126362018
1.737520412,-0.330524166,1.04481761
-0.210275012,0.98856565,0.211244686
-0.032065712,-0.198243747,0.833236956
0.623194798,-0.096778094,0.834122951
1.004533042,-0.730587844,1.98564635
0.990159453,0.077600422,0.998813921
-0.31156265,1.264780456,1.673280307
0.120709993,0.78539496,1.681936147
-0.566392363,0.783222431,1.182318396
-0.703520048,0.583236909,0.898408113
1.846611238,0.095900375,1.880889772
0.23590353,1.165477757,-0.702797192
0.350657568,1.069042048,1.944417945
0.640732565,0.024968715,0.360581581
-0.632146384,0.614920645,-0.775121485
-0.799615932,0.462209115,0.201728719
1.621618084,0.063576988,0.725865526
1.262341153,-0.524117123,0.863668231
-0.789626711,0.822836479,1.241389527
0.998315833,-0.254407299,0.095396773
1.00487849,0.452271354,-0.204203429
1.905238381,0.203748809,0.692230964
1.166966222,0.429184824,1.683697754
0.547925223,0.741395926,0.761890771
-0.373569348,0.829456376,0.007634224
0.245109663,-0.034024674,-0.958255995
1.213681293,0.091818041,-0.927799068
1.709474277,0.066721633,1.755807262
0.779447844,0.07633191,-0.582901008
0.120880428,0.122654659,0.990114871
1.758322157,0.406587163,0.180882888
0.241033591,0.217843464,1.816892479
1.241371765,-0.397294696,1.988125592
0.825908201,0.906521845,1.999288929
0.889736615,0.342972795,-0.990790551
-0.361522332,0.886071708,1.946870972
-0.190178391,0.111681069,0.4983114
0.707602998,-0.261012478,1.73602012
-0.62220886,0.531098773,0.99485714
-0.568817441,0.851668876,0.116569248
-0.024931345,-0.157925482,1.521864263
1.929134908,-0.019400065,1.89231595
0.602919987,-0.54348078,0.511893906
-0.178411273,0.920519173,0.190248355
0.799687611,0.298991057,0.566830831
0.486550735,0.251172222,-0.993369843
-0.880420957,0.882170375,0.286392834
2.097273447,0.45075724,-0.740635449
0.889832654,0.630810201,1.446058999
2.049596449,0.164949697,-0.504265867
1.101334077,-0.444649029,-0.80662085
-0.523910923,0.744437836,-0.986136539
-0.206348016,0.91772628,0.999790551
0.19472962,-0.112036504,0.383279301
0.837683851,-0.469321474,0.811898993
0.564944447,0.654684407,-0.246612058
0.918033606,0.376754102,1.602712084
1.401961536,-0.347750915,0.732405545
1.071728423,-0.480452026,1.863150217
0.335412696,0.820550641,-0.456983401
2.067779963,0.055097183,1.56117439
0.388498231,-0.252754183,1.80455535
-0.006700009,0.841168936,0.084147262
-0.065222515,0.860731633,1.993722299
-0.468861428,0.866629522,1.44679723
0.723770148,-0.373967509,0.989728092
0.208138261,-0.234147896,1.713477619
1.350928434,-0.681477752,-0.787533249
0.135184317,-0.123720819,1.81839915
1.150280633,-0.614122436,-0.311031737
0.44096663,0.747160013,0.223003156
0.074845192,-0.056180483,0.59106613
1.029661228,-0.590367808,0.028203794
0.440213144,-0.410718209,-0.926352151
0.541734081,-0.175542348,0.119708877
1.868111189,0.543683579,-0.996667719
0.550491763,-0.421259323,1.123153982
0.101509717,0.184740207,1.065678587
-0.454455832,1.062174765,0.985149061
-0.354874915,1.027704457,0.98065852
1.316945193,-0.598845102,0.480000032
-0.863364189,0.512324674,1.830044612
0.729231397,0.902339905,0.226696856
0.697158362,0.934512322,0.866731218
0.176650206,-0.015028862,1.959659015
0.145151446,0.543448501,-0.41271036
1.211711723,-0.290811303,1.868647947
1.462321784,-0.405185052,0.515442044
1.203991077,-0.679240813,-0.998058727
1.588775116,-0.033429554,0.237477842
1.478720997,-0.568651977,0.928216419
0.274027327,1.054568946,2.01089859
0.44092296,0.83912899,1.41644254
0.072508089,0.430660426,0.951165848
-0.49432063,0.974790666,0.260951962
-0.684144233,0.364963521,0.027157316
0.219726751,0.735452669,0.419570066
1.7407808,-0.303748544,0.899515553
-0.25071826,1.04606323,0.995902633
1.702530818,-0.240468604,-0.995429533
0.003746863,0.082446668,-0.820617971
0.81761984,-0.388031175,-0.300191307
0.804379518,0.668950773,-0.58411184
0.692324528,0.607226589,1.785802164
-0.694967428,0.172984701,0.996387367
-0.682803109,0.277745856,0.488031513
1.193791018,-0.318712645,1.90308019
-1.066357007,0.323190715,0.327518769
1.056226572,0.600556012,-0.023610641
-0.862035681,-0.043124257,0.201105823
0.867963103,-0.182509984,-0.891386507
-0.441031162,0.87398697,-0.84539287
0.05529072,-0.025340879,-0.33255409
-0.936499621,0.211869728,0.250257171
-0.388514794,1.01546349,0.771174467
-0.11581276,0.915338431,0.519636975
0.226666366,0.29599573,-0.997539861
0.194301877,1.453850114,0.600066397
0.333180054,0.070239608,0.761187654
0.194895512,0.876193614,1.374036824
1.578926037,-0.222388825,-0.593629829
2.034332369,0.462567066,0.060656491
1.980347124,0.120967723,-0.581132118
0.742349998,0.650636579,0.697141171
-0.580370503,1.070445976,0.662441598
2.041423701,0.465067118,0.384330092
2.102907723,0.116398989,-0.899059689
0.699396139,-0.582125974,0.00196143
-0.350748139,1.035101461,0.041667919
0.461958143,1.22317579,0.759838812
1.465795494,-0.316789789,0.058059908
0.06862436,0.055412572,0.770070174
0.804053578,-0.588911566,-0.87566774
0.456066192,0.812403519,-0.307578527
1.421803306,-0.267962408,1.381088494
-1.29904731,0.268906843,0.713490678
0.899624843,0.001003136,0.994419871
0.501768264,1.098399337,1.588813212
2.022364059,0.660468516,-0.994593783
0.792678563,-0.097920207,0.99908208
-0.778294158,0.72787768,0.225195464
1.995748399,0.338203069,0.956795504
0.691890863,1.10998426,0.841402342
0.813142699,0.677373698,-0.973650109
1.31786826,-0.570867731,1.763627735
0.555115763,-0.274185375,0.99912917
-1.010282554,0.343103619,1.983095461
0.207265016,0.059090101,0.111837358
0.65970491,-0.3263449,0.023947323
1.066219044,-0.531477297,0.697610009
-0.87190561,0.250978506,0.017042815
1.133277197,0.373015105,0.293844742
0.012922092,0.97835312,-0.209398309
0.761787153,0.846055158,-0.475922658
-1.124782132,0.306976795,0.841929479
1.681455355,-0.32771177,0.493514488
0.747255018,0.664270978,0.420524024
0.098089294,1.019900206,0.024303737
-0.512251321,0.745213709,1.181096928
-0.250646521,1.037625567,-0.533960395
1.224025795,-0.460192191,1.989700213
1.778348616,0.451469579,0.326189623
-0.984675934,-0.092839302,-0.471147396
0.75189103,0.539001848,0.268609531
0.296673312,1.090204523,-0.94581268
0.529842093,-0.60043526,-0.376995037
-1.128226989,0.171086196,0.018975592
0.844699338,-0.327626743,-0.291028159
1.139153955,-0.458645792,0.638092598
0.386298748,-0.487656822,-0.400455557
-1.077743451,0.24597258,0.938549557
0.284160548,0.015361631,0.78560556
0.621839937,-0.273204584,-0.993842289
2.262162568,-0.006716496,0.036194734
0.738246767,0.820923725,0.677914851
-1.009414299,0.084256665,0.82701518
0.024268632,0.612036495,0.47996896
0.827243318,-0.361593744,-0.423059486
-0.059632189,0.972386589,-0.969244422
0.585395013,-0.183640816,0.348524817
1.044158788,0.221311564,1.084332679
-0.250459512,0.849100665,0.189046262
0.619188814,0.611875971,0.545542935
0.885136409,0.183266852,0.536774843
0.938635017,-0.696281327,-0.003148937
0.997084078,0.122997898,1.872365006
0.986150221,0.133111611,0.889838639
1.824677207,-0.383383257,-0.999537154
1.905333525,0.221920521,0.913075463
-0.687022607,0.703950834,1.029328099
0.377787755,-0.425304191,0.308409608
0.824868926,0.458625446,0.785292554
1.947987562,0.149172805,-0.797476167
0.232206317,0.066442343,0.745156729
0.871238924,0.095467689,0.005390103
-0.949436246,0.455540705,1.090829749
0.28502508,0.996508928,1.825702013
0.922207202,0.643308778,0.839998976
1.962513053,-0.104023599,0.252581682
-0.740553708,0.464757012,-0.066826467
-1.101575197,0.003708558,0.50190175
2.098176468,0.281407628,0.799497294
1.992171802,0.060932132,-0.601790192
-0.4518201,0.746208759,0.905487716
1.749702309,-0.145977278,0.692416579
1.690706325,-0.037425982,1.001210248
0.822577854,0.536397106,-0.981344416
-0.932451181,-0.056668045,1.960065672
1.204871541,-0.312988889,-0.087031002
0.014357654,0.985291164,0.874297404
1.122486827,-0.61595726,0.025361304
2.019300917,0.171528756,0.818282851
0.376719475,-0.097999732,0.510094379
-0.412991655,1.043093264,0.581715045
-0.26392621,0.119708097,0.12930729
0.574858549,0.555817367,0.901034344
1.667275542,0.12370669,-0.400897957
0.241628336,0.783144666,0.135129333
-0.728392055,0.662455782,0.658654541
0.999850842,0.32745393,1.930645862
1.669991057,0.154560843,1.076147794
1.988019352,-0.164370385,0.006690583
0.245883972,0.961295813,0.407949475
0.317932098,-0.327549752,0.313778156
0.433074972,0.055261554,0.851312871
1.605764988,-0.878917218,0.980706656
0.287489407,-0.06181064,0.60923764
1.056218164,0.449390312,0.338781506
0.238214915,0.954451941,0.628893358
-0.73908993,0.830698373,1.620024134
1.539968497,-0.180951624,0.037675577
0.970474085,-0.476394915,1.839676539
-0.016283983,0.42750194,0.803086743
0.504951067,-0.439117583,0.025835212
1.477715106,-0.36220234,0.475844714
-1.049194725,0.044530494,0.703946899
-1.026330371,0.485874216,1.02993628
2.105956947,0.451775047,1.041739412
1.213720741,0.355357477,0.577133837
-0.295182362,1.003826102,1.991066889
0.976611398,0.224154493,2.001735951
0.878683792,0.40965652,1.404654016
1.834872175,-0.070777771,0.412816915
1.322327014,-0.296061588,-0.619641569
1.937838962,-0.145314947,0.940711691
0.764951987,-0.445618281,-0.94220328
1.789941384,0.013563322,0.483751207
0.172123875,0.025845263,0.057484868
-0.244345791,1.000759909,0.822384408
-0.824634937,0.314069014,0.258257312
0.470507134,-0.378402651,-0.931855714
0.095063232,0.156281973,0.84529627
1.049056272,0.768578086,0.47990823
0.606892788,-0.365291327,1.301624044
1.707207913,-0.336209242,0.967213131
1.956279169,0.108200496,0.978202482
0.446255889,-0.224341177,0.023455511
1.07494988,-0.646810985,0.144931207
-0.408012672,1.095111032,-0.32153455
0.04262808,0.451158061,0.042902224
0.309266448,-0.03468067,0.097459791
1.158578951,-0.50072649,0.415767427
-0.945858161,-0.075174812,-0.827747881
0.144714758,0.495354197,-0.14975896
0.726667089,0.977991866,0.041952587
-0.958910893,0.551711608,-0.146870374
1.914549674,0.276664795,0.623311753
0.003005739,0.356801211,-0.371719169
0.851339496,0.486970033,0.948443374
0.835261112,0.283985984,0.178499901
-0.442452776,0.645537026,-0.151553793
-0.033194368,1.332844476,0.076641094
0.368776579,1.104151467,1.745727777
1.76026722,0.180111386,1.954444829
0.485340569,0.699666868,1.712488003
-1.119239169,0.363934777,1.789443458
0.602061725,0.566431622,1.685576802
1.388974806,-0.656872873,0.161819939
0.270119817,0.032040917,-0.623869934
-0.896407496,0.268827966,1.206800274
-0.625993749,0.064948491,1.007910704
0.597886824,-0.475462711,1.113479549
-1.155308727,0.281347447,1.999339212
-0.021263508,0.943641492,1.992766451
1.103609916,-0.488650927,-0.977065534
1.781545417,-0.008777227,1.705083188
0.893443911,0.246809546,0.107523184
1.409179194,-0.466326215,1.295414966
0.787168523,-0.379088832,0.682288743
-1.170630956,0.742367326,1.184357881
0.752910711,0.359062515,0.033377561
1.925465003,0.289502988,-0.13374141
1.859943183,0.229002204,-0.000733243
-0.827468504,0.713228096,0.407351814
0.347319362,0.470774267,-0.002348347
1.63429305,-0.318388486,0.789644917
1.005570099,-0.284626956,1.931579417
-0.742138207,0.534264203,0.152444175
-0.988241727,0.095695049,0.532942731
1.585664422,-0.336338717,0.960853162
0.98041291,0.153557637,0.041401236
0.810416382,-0.348727156,-0.769706178
1.239750344,-0.528277045,-0.79470824
-0.957511787,0.34213762,-0.004827886
0.511718283,-0.621433536,1.202444201
0.136428375,1.00183346,0.122287138
-0.118256058,1.02632546,1.943528779
-0.090221796,0.150703012,1.989593007
-1.121952701,0.45870473,1.734629045
1.099825761,0.171986781,0.34585634
-0.051829923,0.542938594,-0.490156124
0.051699378,1.143953064,0.119748542
-0.848143633,0.258184978,-0.736645048
-0.575958702,0.381767116,0.347441699
1.880410373,-0.148334954,1.465552015
-0.419824046,0.739786856,0.992147589
0.942704458,0.456160469,0.725186381
0.683030642,0.498585765,0.523231306
0.524730948,0.865823906,1.994514366
-0.056695111,1.205365214,-0.749560181
0.288868568,-0.232891174,1.259114532
0.246210303,1.316159123,0.022021524
0.624712915,0.92279353,0.966236896
-0.16165867,0.882626935,1.750510456
1.715231049,-0.475629866,0.37571626
-0.743780454,0.683117944,1.946157059
1.264889562,-0.432998194,0.03761923
1.973959301,0.258949645,0.961697244
-0.145455679,0.836349305,0.981796727
-0.853499338,0.361195909,1.066298028
0.532838533,-0.5607271,1.10159819
0.316815042,0.12888282,0.080727859
0.865500682,-0.315855789,0.402813558
1.904105834,-0.069544936,-0.743988654
1.037409803,0.134607853,0.861235231
2.042786128,0.227732905,0.006883635
1.342180465,-0.444979199,-0.513129341
0.530869718,1.132871261,-0.034420323
0.604998773,0.858101364,0.000658697
-0.898395801,0.576422868,1.000066397
-0.979761054,-0.118032178,-0.947333388
0.475491154,0.739129607,0.370086672
0.188919166,0.878487029,-0.789677844
0.99543378,-0.373272105,0.636010982
0.359082937,0.94512382,0.08205478
0.564657955,1.101149721,-0.005448368
2.012131006,0.455250576,0.003482375
0.312153787,0.559502936,0.166965275
0.827374104,-0.590482282,0.344863103
-0.161932168,1.013460873,0.151246106
0.630448816,-0.057354707,0.105283706
-0.158624994,0.453327599,0.166814123
0.21228951,-0.055472875,-0.821476478
0.817211948,-0.518225295,-0.682525463
0.643910797,-0.418550054,1.335240156
-0.186817796,0.655342479,0.635202106
1.976967025,0.466846136,0.615024767
0.31460878,-0.046157063,0.328410554
0.83580971,-0.42125894,1.606665781
0.629103434,0.573997971,0.837349946
0.027312843,0.364955372,-0.878741919
0.103018648,0.895691442,0.24373174
-0.936334184,0.458607731,0.288827565
0.658051254,-0.31225069,-0.985575864
1.020819229,-0.581036977,-0.865462288
0.024019931,0.834983402,-0.344918118
2.155130661,0.554925726,0.608147684
0.785065702,0.317208385,1.034857162
1.25333001,-0.426561812,1.401124312
-0.626973096,0.814710881,1.798873883
2.000426471,0.098119306,1.486630919
0.067079041,1.088246903,0.045071449
-0.161976802,0.871029435,-0.006714914
0.499037582,-0.367779833,0.993883756
1.809229062,-0.269279923,1.499638101
0.329766634,-0.041957832,0.735554492
0.66533319,0.853897081,0.279650207
0.753281064,0.671821004,1.193945456
-0.644532292,0.624659002,-0.691604306
-0.268195014,0.744000507,0.512733475
0.106133671,-0.30824835,0.909824367
0.053841945,0.645837674,0.067234139
-0.838589898,0.51416973,0.9269405
0.89583685,0.262801824,0.784920381
0.354988421,0.937329827,-0.887937025
0.150417447,1.056941558,-0.966347785
0.925088427,-0.684346932,0.626034943
0.097171226,1.030716272,0.45289575
-0.034619151,0.494392741,0.330238413
1.067681503,-0.711994043,1.973560846
0.93691099,0.475940628,0.989932316
1.016861475,-0.465667201,-0.71217417
0.466270449,-0.196974037,0.930829588
0.629266598,0.48472191,-0.460364233
0.161666759,0.432967188,0.445996283
-0.551265343,0.572794432,0.860853468
0.949243318,-0.686277684,0.973085202
-0.137032112,0.293492454,0.08977238
-0.187480007,1.118684836,1.981651926
1.790211226,-0.328969247,0.563552434
-0.179699757,0.308567861,0.353521841
0.786071956,-0.482033725,0.714645401
1.682418857,0.330566919,1.541167132
1.067531708,-0.54877144,1.4420204
1.131192029,-0.027541428,0.133046012
0.710137998,-0.237896512,-0.545056016
-0.621036118,0.809804881,1.58179898
0.623005779,-0.459469394,0.932092322
0.688034132,-0.320052539,0.742691725
0.023486339,0.502053529,-0.936294874
0.700405325,0.084009573,0.76668156
0.472216928,0.976316275,0.147482217
-0.909389401,0.046877817,1.427902303
1.640008897,-0.050495796,0.443729773
0.086831173,0.486363568,0.434181494
0.480913878,-0.510928335,-0.690609703
-0.720416689,0.197346936,0.964433473
0.171243023,0.426221226,-0.166027277
2.11842126,0.093643184,1.242897273
1.556500379,-0.192964208,-0.975251274
0.94896765,-0.340923537,0.054973223
1.132247467,-0.375602802,0.274728726
0.986718373,0.047511621,0.538735501
-0.896602818,0.681647146,0.279423721
0.064117187,0.626355639,0.982646419
0.751654876,0.467434417,0.097148192
0.423240358,0.649397384,0.480005675
0.51121081,-0.127153409,1.872182379
-0.147207392,0.45400539,1.520384723
2.151284038,-0.024814158,0.663056724
0.598140403,0.121482796,-0.845623227
1.428109972,-0.230910377,0.842268028
1.111127645,0.377743344,0.03280778
1.543302688,-0.244810823,0.577098386
-1.154345142,0.152679834,-0.446384031
-0.890131754,0.045953504,0.568933397
1.964075356,0.247426366,1.63560464
0.14864332,0.841878359,1.994426714
-0.901650425,0.170403257,0.373615616
1.494892252,-0.697083595,-0.923293131
2.014047789,-0.121519076,-0.967721689
-0.419683658,0.69008389,0.006983355
-1.082298552,0.013673225,0.871250275
-0.752368794,0.653682303,0.138529566
0.048013043,0.874086967,0.580328328
1.266531463,-0.344960376,-0.976657593
1.625924109,0.370836224,1.439811402
0.367213188,0.759342379,0.586056057
0.237144549,-0.179410358,0.635865599
-0.633406408,0.811398332,-0.824239619
-0.661088925,0.515023088,1.922439766
1.216126543,0.476830417,0.694519092
1.111640578,-0.29935363,2.001761565
-0.630468448,0.415722423,0.94531693
-1.100889363,0.243844155,1.969744609
-1.026036497,-0.00374793,1.666697297
1.975420064,-0.045537812,-0.858021823
2.049320145,0.568559363,0.951964984
-0.227988608,1.030302041,-0.045999188
-0.208694247,1.16241085,2.005979774
0.699223423,-0.462061056,0.962141806
1.391382271,-0.421425557,0.913204412
-0.407379979,0.905260553,-0.074678275
1.977712436,0.228380222,-0.28109317
1.140200632,0.271484627,1.167818312
0.219402742,0.310401143,0.962715373
0.798956969,0.341960896,-0.62666499
0.720200193,0.851161691,0.618993099
1.029654538,-0.646115881,0.145812111
0.152636829,0.780092517,-0.96146415
1.731477107,0.118868638,1.975748731
0.519896534,0.813048741,0.108086332
0.303712327,-0.184791742,0.343435332
0.268579863,-0.366173381,0.150157314
0.898208797,0.362138817,-0.961326062
-0.253759563,0.994824497,0.224186795
-0.488908674,0.735668353,1.896594825
0.323165739,0.925700996,0.159671354
-0.547925848,0.886830926,-0.770554739
1.653925726,-0.554769531,0.466814443
-0.626717637,0.949185309,-0.80583802
0.275746602,-0.261066138,0.998411355
-0.26254556,-0.145229829,1.881194226
-0.904218326,0.769383786,-0.66775903
0.881211586,0.293445945,-0.875879306
0.120106289,0.409108171,0.589733332
2.236540025,0.271197961,0.06378413
0.947491038,0.088436347,-0.766927242
0.028164485,0.157085002,1.962801617
0.298878346,0.522836542,-0.046853529
1.273885489,-0.393409356,1.836980131
1.561269987,-0.248437072,0.990171161
0.827304529,0.843297812,0.287214928
0.978750274,-0.418923015,0.944621222
1.561855121,-0.062117097,1.520223996
1.927822147,-0.078823158,0.068575498
0.85096865,0.261709343,1.460711011
0.751458154,0.852532662,-0.52017337
0.502904362,-0.176752743,-0.108316761
-0.84017856,0.52324749,0.045638583
0.116726498,0.227699011,0.671866297
0.485806216,0.876983974,-0.875020395
-0.913154462,0.262966593,-0.233057161
-1.178185474,0.743174667,0.722835504
1.689818245,-0.313564629,1.907254755
0.03956657,0.230043754,1.9146035
1.085069824,0.235980305,0.746929422
-0.916776149,0.244370261,1.565865114
0.14173142,0.295093828,1.852644702
-0.12565077,0.636091917,-0.219627902
0.122119077,-0.00431229,1.334161237
1.612959197,-0.489881208,-0.982032478
-0.278531374,1.05212936,1.39119365
-0.494973056,0.869860045,-0.000492894
0.621687598,0.784010594,0.969809036
-1.11596724,0.143908153,-0.657408476
-0.336340501,0.720589186,0.924812634
0.685655198,0.968130689,0.866602781
0.162741707,-0.061815904,-0.057707228
0.121924442,0.884255916,1.87891999
-0.857718734,0.231556752,0.002328271
0.97358313,0.303455133,0.106764104
-0.199061896,0.956754041,1.624817565
1.945387312,0.186125387,1.958201152
1.586007265,-0.156710307,1.258711772
1.346345371,-0.445614052,0.84312043
0.08379334,0.889700045,0.401006097
0.359945034,-0.526518367,-0.952193572
1.136018855,0.027461087,0.750776935
0.925382135,-0.429513031,1.840416698
-0.019760486,-0.01835992,-0.533122769
-0.923401444,0.394341764,1.319537772
1.037424352,-0.44354066,0.313562563
-0.879076889,0.352805807,0.669236711
0.259471388,1.185898513,1.078144303
0.501977134,0.847522038,0.566974239
-1.079022294,0.343357281,0.905235962
0.141550556,0.398193382,1.342444154
-0.572323215,0.988402589,0.563827649
1.786659549,0.093825506,0.281184927
1.646249425,-0.231669206,-0.937147462
0.919378342,-0.546226087,0.157853367
-0.127711598,0.704468462,1.963852869
-0.575224007,1.133029965,-1.000400222
1.602892334,-0.402318635,-0.697598276
0.773014906,0.333796205,-0.941123755
0.590956717,0.905052245,1.754973868
2.051621865,-0.012066698,0.903795881
-0.968247977,0.61837498,1.634100449
-0.848171725,0.360542464,1.722389109
1.495752079,-0.243176342,0.635456425
-0.35742044,0.626438699,1.903358824
-0.541832189,0.588375944,0.015293347
0.016838635,0.924401894,0.864061239
0.688780602,-0.04581236,-0.125720705
-0.333588975,1.192471619,0.533234916
0.179707596,0.998389074,0.701339362
0.839423594,0.457142352,1.958859109
0.681047319,0.639552344,-0.745567164
0.186592956,-0.112170391,1.116458988
0.031913122,1.130688076,0.929301693
-0.947501886,0.382505979,-0.443959016
2.131044237,0.293786842,1.98320467
-0.132188841,0.601273974,-0.557892046
0.553092367,0.852210406,-0.864036115
0.563398714,0.739110749,0.702316416
-0.09552732,-0.197241357,-0.973228876
0.73362947,-0.579550152,-0.829044278
1.723345481,-0.20121571,1.975474599
0.286660343,0.087932516,0.776636187
0.791644622,0.824915439,-0.944407813
0.81873175,-0.547788797,0.152188402
-1.168528796,0.185752429,1.383707209
1.413343113,-0.385519384,0.149011119
1.160637305,0.791561851,-0.670106826
0.30532059,-0.430442996,-0.994750744
-0.107584855,0.620847764,1.28979333
-0.118219316,1.039099928,0.539503517
-0.748069963,0.486452154,-0.073343417
-0.668462054,0.693869829,0.008608572
0.837077321,-0.463876725,-0.545115116
-0.887909624,0.206639024,1.992367417
0.387910952,1.019205968,1.786694182
0.333445934,0.690912216,0.991449479
1.214695507,-0.374447746,0.663311539
-0.37474904,1.050422658,-0.925582933
0.175464384,-0.183940582,0.0174269
0.223087159,-0.087048316,0.176715624
-0.055489724,-0.206410672,1.937659046
0.759898113,-0.408660808,0.365844653
0.022388821,0.396475301,1.909646609
0.554925081,1.017275963,0.065275329
-0.067974631,0.299693936,0.099184727
0.341202178,-0.211080686,0.090439122
-0.896926609,0.690991661,0.688114391
-1.002326948,0.432865583,-0.440296872
0.944817654,-0.509338657,0.614136111
1.724028285,-0.292150845,-0.423306942
1.482206812,-0.398458015,0.924343511
1.051487883,-0.333081691,0.343485221
1.757468796,-0.185302706,-0.985084902
0.868323947,-0.456630348,1.973743828
0.715843975,-0.709484865,1.140613291
0.280688471,0.230582153,1.757387255
-0.554026183,0.922660809,0.975622378
0.700534722,-0.448457509,0.678920897
1.623671351,-0.555359866,0.742185235
0.629735588,-0.515973432,0.785907479
0.731913524,-0.465179274,-0.347461956
-0.889707244,0.843668689,0.309514962
2.148177653,0.008596162,1.992710783
0.108901861,0.846075511,0.978173884
0.116504552,-0.05262901,-0.704261752
0.400065438,-0.195299735,1.987663225
-0.86322712,0.325978342,0.305778551
0.710759466,-0.411110439,0.001182555
-0.092126033,1.057965119,0.715302612
1.863617988,-0.123214812,-0.621414927
-0.315386057,1.298134886,-0.73116256
-0.381285523,1.05848512,1.49803608
0.626054055,0.716135484,1.907275149
-0.019692884,0.281410437,-0.909499752
-0.462980776,1.079282317,-0.362337944
0.570307839,0.665679887,-0.751412294
-0.00732709,-0.008831858,-0.262227356
-0.779042147,0.565594866,1.595581777
1.119626221,-0.697109036,0.423120157
1.818735927,0.028718848,0.424978417
-0.62747845,0.834781045,0.298487541
1.182229447,-0.492804601,0.100026271
2.039326492,0.066355905,0.952563851
2.133699604,0.544222792,1.494335598
0.558283218,0.708324559,1.3599283
1.680379898,-0.351343916,-0.318648548
0.527743127,-0.294613529,-0.494513204
0.239101128,-0.362099587,1.998082509
-0.105246493,0.386638879,1.562850436
-1.015909571,0.004683361,1.543890748
1.295856067,0.184096474,0.18827113
-0.030366314,0.0256802,0.893721244
0.416205041,-0.161149331,-0.991792151
1.360867392,-0.440612419,0.234429269
1.315355612,-0.571491434,0.884995491
0.655977804,0.667496552,-1.002193873
1.01807622,0.308945962,0.997750462
1.549477654,-0.488970303,0.876991954
-0.137052617,0.403205323,0.698410129
-0.234986568,0.358067378,0.76686006
0.571109508,1.183650703,-0.789189456
0.738929758,1.044841125,-0.354067766
-0.753083501,0.299558629,-0.026526185
0.205353415,0.673262546,1.763047223
-0.975495205,0.821636851,-0.994948843
0.726912866,-0.439043931,0.554267841
-0.984778351,0.113595015,-0.502111478
0.567883419,-0.415381192,0.928106916
1.794702672,0.200230507,0.453054506
0.530804772,-0.441464692,1.326499055
1.517358419,-0.26030036,-0.913657467
1.571485763,-0.150120717,-0.926864687
0.443618221,1.017504919,1.270614478
0.357912244,1.079391653,-0.75974879
-0.601163399,0.60640794,-0.664974126
1.717056651,-0.345391599,0.804826441
1.790356788,0.186082592,1.962943993
2.178719527,0.26336406,0.987012125
2.119215947,0.772793194,-0.811217106
1.710478323,-0.008498743,-0.997290463
-0.619172277,0.159171227,1.657210649
0.785426114,0.642979041,-0.485199764
0.721486732,0.511334221,-0.00913205
2.048499692,-0.325562936,1.78149922
0.759312611,-0.526097415,0.816381763
1.650128942,-0.325563376,0.06930882
1.715456221,0.133441873,1.936416012
0.253520211,-0.291863697,-0.661400229
0.027203458,0.017115997,-0.196248864
0.953606492,-0.604264262,0.003376341
1.118903678,0.165970373,0.612390069
0.04611118,0.995944906,-0.906464561
0.276487227,-0.364395515,1.365541636
1.995884896,0.332747786,0.364425807
2.0377958,0.428936872,-0.716550802
-0.828049912,0.617985904,-0.956480206
0.424546308,-0.434042684,0.994498759
-0.221416488,1.084355107,0.289995125
1.322382072,-0.453333121,1.892075642
-1.077731809,0.865699609,0.023417615
2.105082738,-0.116978952,-0.268567094
0.221991313,-0.387211603,0.388823143
-0.89038089,-0.261986632,0.554133421
-0.188053375,0.978114258,1.226184548
1.991837394,-0.024346766,0.211973314
1.663877289,-0.170201323,-0.884011484
0.289594414,0.784230136,1.939855696
-0.856802245,0.545643607,0.194538311
0.148687849,-0.363342648,-0.958217535
1.428680755,-0.063365451,-0.99019369
-0.654570146,0.922621079,1.320088455
-1.153310915,-0.166165704,0.335184799
-0.036546746,-0.06806862,0.23530848
0.731352514,-0.517700826,1.367102229
-0.119144918,0.884046146,1.15287347
0.444619446,-0.259822503,1.281627132
0.698645089,-0.23221033,0.085667347
-0.87067404,0.488826269,-0.621089007
0.954520977,0.213777583,1.510432946
1.094697063,0.486218697,0.782982997
1.628415787,-0.314309429,1.845849326
0.000835005,0.92299473,0.066821071
1.911413794,0.109572896,0.965549654
0.688171977,0.868810833,-0.95968611
1.899639081,-0.089366377,0.920537752
0.923480022,0.230968031,1.738550116
-0.415261301,0.569035225,0.825896681
0.532407944,0.888929604,0.656113149
0.428030379,-0.430885029,-0.996759243
-0.221590972,1.088499729,1.611261188
1.939767898,0.081926985,0.668760921
-1.138388126,0.527148414,-0.797362281
0.670744526,0.460426185,0.114847986
2.003127244,0.242133219,-0.095568724
0.9752209,0.394090031,0.992666453
1.055392054,0.027501928,-0.896041132
-0.008853361,0.113099916,1.943007486
-0.348076429,0.790300352,0.144815961
0.069676934,-0.155028014,-0.999066588
2.085628296,0.39991711,-0.591306856
-0.579889044,0.34293603,0.488453122
0.205969711,0.784702452,0.801793017
1.64823774,-0.070801278,-0.221531091
-1.128960763,0.167828489,0.017555261
0.123537385,0.469172208,0.272353581
-0.20929121,1.030289619,-0.985684095
2.03087479,0.33362258,1.022030358
-0.377847611,0.715382514,0.055373941
-0.122697571,0.023430862,0.38632229
-0.914647265,-0.212626323,0.978511586
0.660709903,-0.564660555,1.769960023
-0.273080017,1.024247296,0.554479103
-0.67855142,0.677274343,0.371236937
0.401140173,1.263910953,1.632908366
0.799417546,0.339359684,0.008239993
-0.734693509,0.745283769,0.220022904
0.388041677,0.910142781,0.17640724
-0.951980885,0.282173468,1.649747313
1.049711581,-0.026730983,-1.006866904
-0.818506572,0.085714946,0.7987298
1.617307312,-0.001425068,-0.489288412
1.237831665,-0.699205309,0.574829256
0.749134126,0.627554173,1.976795888
-0.005757754,0.217174357,1.92344449
-1.023500968,0.470695223,-0.929343245
-0.060700766,0.870679153,1.162331489
0.370477873,-0.002921422,0.575990246
0.603982131,1.240430944,0.147680587
1.389621009,-0.47635576,0.412822359
-0.06422505,0.253480619,-0.607614098
1.956778427,0.519199575,0.042917672
-0.780995939,-0.122259443,1.980813376
0.236992953,0.877532304,0.45099529
1.984692169,0.214117086,-0.280675483
0.474924451,-0.50257755,0.981105799
0.998697596,-0.546038827,1.986020665
0.748235452,0.538232362,0.206027847
0.036407013,-0.205787675,0.531289295
0.673995149,0.984937123,0.665580113
-0.090508502,1.085098776,0.17357522
0.613383176,1.065304512,0.651556496
1.680754969,-0.344868253,1.948967039
-1.125042685,0.491433667,-0.557847178
0.889751391,-0.133548484,0.855221716
-0.822992112,0.066405393,0.81474519
-0.343027785,1.043169821,0.241201583
2.108736818,0.53092428,1.37550907
1.855243131,-0.437762665,-0.084247751
0.275457166,0.051469717,0.777903248
-0.915123829,0.924092836,1.918266853
-1.050891059,0.558829472,1.809784609
0.723977485,0.667363461,0.376234394
1.966783119,0.129907911,1.469430618
0.158821211,0.247523089,-0.96532878
0.793859524,0.452262954,0.443787381
-1.190948727,0.45214426,0.935763427
-0.871569823,0.778684592,-0.519576681
2.024594743,0.21431361,-0.870650036
-0.615607472,0.74347052,0.021149419
0.906350189,-0.242937151,0.637583382
1.613260184,-0.255227396,-0.093299777
1.793141258,-0.283183326,1.734392066
1.030630949,-0.813454662,0.019590767
1.2986046,-0.178888454,0.990556144
-0.944752532,0.249211337,0.753793509
0.804097916,0.463022171,-0.287154606
-0.050055719,-0.045582517,1.865267732
